hashtag,count
obamacare,14058
tcot,8717
aca,6213
sotu,6114
veterans,5072
scotus,5014
trumpcare,4887
utpol,4816
mepolitics,4699
jobs,4664
smallbiz,4619
gop,4565
4jobs,3720
irs,3257
tbt,3228
immigration,3019
ia03,2751
zika,2695
ff,2638
doyourjob,2561
iran,2515
actonclimate,2513
irandeal,2502
keystonexl,2425
lgbt,2189
raisethewage,2184
betterway,2148
stem,2100
equalpay,2091
benghazi,2040
disarmhate,2021
climatechange,1946
wv,1937
nobillnobreak,1883
budget,1854
syria,1800
ncpol,1771
memorialday,1734
veteransday,1725
lagov,1705
p2,1688
isis,1674
healthcare,1668
ahca,1661
sctweets,1658
epa,1642
energy,1642
idpol,1634
gopshutdown,1587
va,1572
va10,1529
gunviolence,1516
renewui,1484
southjersey,1453
mtpol,1444
congress,1434
potus,1433
icymi,1433
ndaa,1427
netde,1391
getcovered,1390
senate,1386
neverforget,1376
farmbill,1322
medicare,1318
protectourcare,1303
arpx,1290
exim4jobs,1276
obama,1265
ar4,1261
prolife,1254
equalpayday,1253
mentalhealth,1251
israel,1230
wotus,1216
socialsecurity,1210
ri,1201
cuba,1183
endalz,1181
cir,1179
texas,1167
womensucceed,1164
ksleg,1163
sayfie,1154
gapol,1140
az,1128
mapoli,1110
bringbackourgirls,1088
mdayton,1083
muslimban,1079
trumprussia,1065
vets,1051
curesnow,1050
netneutrality,1041
flintwatercrisis,1015
nv,1001
ar3,1000
alpolitics,999
tpp,990
plannedparenthood,987
medicaid,976
education,970
paymoreforless,967
otd,966
earthday,961
womenshistorymonth,952
nm,948
tx23,943
ncsen,935
trump,934
acaworks,931
parisagreement,926
russia,910
ia01,902
jointaddress,898
taxreform,885
ct,883
restorethevra,877
brownback,877
standwithpp,871
cures2015,870
ohsen,860
cybersecurity,859
sandy,849
timetobuild,849
flint,844
blackhistorymonth,841
dc,839
mnleg,837
weareky,837
gitmo,829
middleclassfirst,821
bettermn,819
trumpcuts,809
copolitics,801
ohio,792
hcr,791
taxday,790
iasen,789
onthisday,782
noflynobuy,779
lwcf,778
findyourpark,778
usa,776
bipartisan,776
dontshutdownoursecurity,766
pjnet,759
lalege,754
immigrationreform,753
mlkday,745
va06,744
nj,741
brokenpromises,736
timeisnow,733
ne03,733
alaska,729
tn04,726
daca,721
townhall,716
mn03,715
marchmadness,715
ny21,704
opioid,699
ebola,697
askdems,696
txgop,695
manufacturing,683
gopdebate,679
va01,679
sofla,679
paidleave,679
cleanpowerplan,678
economy,672
vawa,666
queens,662
infrastructure,662
breaking,658
pa11,658
dontdoublemyrate,656
twill,651
jointsession,645
gopbudget,644
agriculture,641
gasen,641
tpa,636
exim,636
utah,635
hawaii,633
enough,632
tn03,627
dday,626
orlando,625
innovation,625
teamusa,623
ag,618
military,617
holdthefloor,616
equality,615
makeamericasickagain,605
nsa,605
nepa,605
shutdown,604
ukraine,600
txcot,600
latism,599
ar1,597
arizona,595
trade,591
doddfrank,588
maga,588
followthefacts,586
tn,585
iagov,584
michigan,584
veteran,584
essa,582
nobannowall,574
stribpol,573
periscope,572
colorado,572
smallbusiness,571
restorethevote,565
makeitinamerica,565
higov,563
wrrda,562
popeindc,561
tx,558
trumpbudget,556
walker16,555
mi08,553
endgunviolence,551
highered,547
lasen,543
oh14,542
nps100,541
transportation,539
snap,536
repealandreplace,534
roc,534
vt,533
mtleg,532
arnews,532
endtrafficking,530
smallbusinessweek,529
argov,525
rio2016,522
trump100days,520
lastsotu,515
az05,515
humantrafficking,511
wwii,510
newvaeconomy,510
in08,505
ny27,504
pearlharbor,500
opioidepidemic,499
balancedbudget,497
thanksgiving,497
zikavirus,497
futureforum,496
chibokgirls,496
nj03,492
stopgunviolence,488
laflood,487
teaparty,487
womensequalityday,487
mlk,486
nomoresilence,485
yes2energy,481
isil,480
oh16,477
constitution,474
wvpol,473
chicago,473
internationalwomensday,472
tsca,472
greatlakes,472
fastandfurious,470
wagov,469
fy17ndaa,469
politics,469
schoolchoice,468
shopsmall,468
az07,467
hurricanematthew,462
keystone,462
dfw,461
bankonstudents,460
marchforlife,459
montana,458
laborday,454
dreamers,453
tn06,452
hr2646,447
trainwreck,445
nationalpoliceweek,442
mothersday,442
house,442
fairnessforall,439
equalityact,439
fiscalcliff,437
debt,437
gagop,435
congressionalartcompetition,435
tx32,432
sequester,431
arkansas,429
ky6,427
faa,426
memphis,425
path2cures,425
humanrights,424
bokoharam,424
cleanenergy,421
lgbtq,420
ny,420
hasc,415
thankateacher,414
iraq,413
negov,412
venezuela,408
inauguration,408
vaaccountability,406
constitutionday,406
resolutionofinquiry,405
indy,405
dhs,404
draintheswamp,404
votingrights,402
ma,402
equalityforward,402
txlege,401
climate,401
protectourdemocracy,398
senatemustact,397
ca08,395
2a,394
ma09,392
northkorea,391
florida,390
aumf,390
womensmarch,390
wi,389
tx33,389
immigrationaction,388
il05,388
marriageequality,387
pa,386
afghanistan,386
masen,385
pa06,384
coal,384
notmybossbusiness,384
4thofjuly,381
nyc,380
fy16ndaa,379
nevada,377
water,377
flagday,374
ms01,373
throwbackthursday,372
gorsuch,372
al03,370
sessions,367
tpa4usjobs,363
nationaldayofprayer,363
tech,361
akleg,360
policeweek,357
insen,356
independenceday,356
northdakota,354
sasc,354
vra,353
mogov,351
hobbylobby,351
defundpp,349
ma6,349
nc10,349
reinsact,348
nvleg,347
msworks,347
fl,346
nmpol,345
sequestration,342
hinews,341
familyact,340
wvgov,340
cara,339
fullrepeal,337
fl06,336
al,332
semperfi,331
bronx,330
smallbizsat,330
selma50,330
women,328
cte,328
dallas,328
tax,327
armedforcesday,327
scotusnominee,326
demandavote,325
us,325
alabama,325
cfpb,324
seniors,323
vote,323
goodtrouble,322
cutcapbalance,320
studentdebt,319
russianhacking,318
nc,316
istandwithpp,316
kxl,316
nonucleariran,314
transparency,310
dapa,310
puertorico,310
renew911health,309
nationalsecurity,308
wa,307
nhpolitics,306
nobudgetnopay,306
syrianrefugees,305
pasenate,305
peopleoverpolitics,303
esea,302
in05,302
mi07,302
health,301
ca45,301
citizensunited,300
tx24,300
doma,299
equalpaynow,299
thankyou,298
scnews,297
ca,297
az01,297
startupday,296
worldaidsday,295
rncincle,295
job,295
az09,294
tampa,294
whywemarch,293
privacy,293
studentloans,292
usmnt,291
cha,291
resist,290
devos,290
usafreedomact,289
secdef,289
september11,289
oh,288
standwithisrael,288
nuclear,286
america,285
teamcomer,285
virginia,284
wrda,284
mentalhealthreform,284
waelex,283
99countymeetings,283
stpatricksday,280
smallbusinesssaturday,280
detroit,279
pennsylvania,279
publiclands,278
civilrights,276
guantanamo,275
minimumwage,274
stopgovtabuse,274
bordercrisis,274
superbowl,273
fightfor15,273
keepitpublic,272
cyber,272
georgia,272
hispanicheritagemonth,271
stopthesham,270
affordablehousing,270
cjreform,269
honorflight,268
broadbandprivacy,268
defendscience,268
confirmgorsuch,267
alzheimers,266
uswnt,265
bearsears,265
matthew,265
goodnews,264
wearorange,264
ny04,264
bhm,263
mn,263
chattanooga,263
business,262
wa04,262
gunvote,261
debtceiling,261
religiousfreedom,261
cawater,261
idaho,261
honorwithaction,259
inauguration2017,259
olympics,259
nationalparkweek,259
al06,259
rfs,258
mst,258
baltimore,257
nc06,256
presidentsday,256
pabudget,255
happybirthday,254
sfrc,254
signthebill,253
california,253
freedom,252
brussels,252
suboversight,251
inthered,251
freeamirnow,251
arctic,250
recklessrecess,250
openingday,250
tucson,250
washington,249
fl07,248
nlrb,248
kingvburwell,248
wa01,247
rva,247
ecpa,247
teampeters,247
iowa,246
cadrought,246
startups,246
curesact,244
joinrepwilson,244
puremichigan,244
crowdfunding,244
leadonleave,243
theyfeelpain,242
oh5,242
electionday,241
hiv,241
fl15,241
loveislove,241
ak,240
nebraska,240
paycheckfairnessact,240
drought,240
cop21,240
boston,238
bbog,238
mn02,238
indiana,237
science,237
worldseries,237
weneednine,237
fbi,237
farmers,236
filibuster,236
defundobamacare,234
lifttheban,234
tx29,234
jobsreport,234
flintfwd,233
ny13,233
roevwade,233
coffeewiththecongressman,233
flashbackfriday,232
american,232
fathersday,231
buyamerica,230
sanctuarycities,230
nasa,230
trans,229
followfriday,229
nc08,228
mmb,227
100days,227
libya,227
waroncoal,227
ferguson,226
ny22,226
amnesty,226
stopthesequester,225
holocaustremembranceday,225
budgetdeal,225
popefrancis,225
emailprivacyact,224
bostonmarathon,224
china,224
sxsw,224
vra50,224
mdpolitics,224
thanksobama,223
tx14,223
internet,222
leadership,221
scpol,221
workingfamilies,221
tennessee,221
ma10,221
tx25,220
strongeramerica,219
christmas,219
comey,219
irantalks,218
enda,218
gunsafety,218
fosteryouthvoices,218
lovewins,218
allnv,218
students,217
itsashorething,216
nationalagday,216
startupact,216
facebook,216
backtowork,216
ditchtherule,216
oregon,216
solar,215
abetterway,215
paris,214
defense,214
omnibus,214
hartford,213
religiousliberty,213
gasprices,211
doj,211
pollutingpruitt,211
2ndamendment,211
ncgop,211
oklahoma,211
studentloan,210
mo,209
ableact,209
energyefficiency,208
hr36,207
ca10,207
ohgop,206
finalfour,206
irsscandal,206
mississippi,205
pa03,205
eximbank,205
530slide,204
sfl,204
paycheckfairness,204
wrongchoiceact,203
hrva,203
environment,202
happeningnow,202
aapi,202
broadband,202
sandyhook,201
subhealth,201
unemployment,200
breastcancer,200
nationalnightout,199
sopa,199
agday,199
opioids,198
ca07,198
gsereform,198
il13,198
nytownoftheday,198
choiceact,197
domesticviolence,197
votenoahca,196
oh2,196
merrychristmas,196
lng,196
bostonstrong,195
fightforfamilies,195
poverty,195
fracking,195
titlex,194
letstalk,194
sitin,194
cancer,194
ga12,193
wickerreport,193
confirmlynch,193
uted,193
ga10,192
obamafailures,192
ga09,192
meddevicetax,192
enoughalready,192
kyproud,191
teacherappreciationweek,191
nv04,191
getmoneyout,191
ga,190
investinkids,190
auditthefed,190
illinois,190
obamacareinthreewords,190
refugeeswelcome,190
oh15,190
middleclass,189
restorationtuesday,189
dday70,189
nih,189
repeal,188
irsabuse,187
capitolhill,187
vtpoli,187
neveragain,187
parisattacks,187
wethepeople,186
backtoschool,186
marijuana,186
sots,185
co,185
july4th,184
beboldendhyde,184
coveragematters,184
bythepeople,183
offthesidelines,183
wearewithyou,183
notonemore,183
holder,183
supremecourt,183
hbcu,183
abortion,183
takethecrown,182
115thcongress,182
arleg,182
arwx,182
onlyindistrict1,182
hemp,182
jobsact,182
stopthetaxhike,182
civilityfridays,182
egypt,182
wagegap,182
utleg,181
tsa,181
tngov,181
fl25,181
whitehouse,180
affordablecareact,179
az06,179
closetheloophole,178
taxes,178
worcester,177
saveaca,177
emailprivacy,177
halloween,177
todaysclimatefact,176
phoenix,176
flynn,176
criminaljusticereform,175
ndpol,175
commoncore,175
maryland,175
ca21,174
fasttrack,174
refugees,174
army,174
wrongway,174
intownoftheday,173
gohawks,173
gmo,173
gopackgo,173
enditmovement,172
cutwaste,172
nh,171
denver,171
militarymonday,171
missouri,171
rpv,170
brownulman,170
wvflood,170
didyouknow,170
debate,170
capitolconnection,169
blacklivesmatter,169
chemicalsafety,169
mobileofficehours,169
nc03,168
daywithoutawoman,168
stopgorsuch,168
stopfasttrack,167
tampabay,167
riseup,167
az02,167
research,167
guncontrol,167
readthebill,167
imwithher,167
oil,167
votingrightsact,166
subcommtech,166
md02,166
autism,166
batonrouge,165
battleborn,165
readacrossamerica,165
happythanksgiving,165
spiritday,165
fixthetrustfund,165
endslaveryact,165
stl,165
md,164
allnevada,164
neleg,164
neverforget1915,164
worldcup,164
ma4,164
wyoming,164
marchforscience,164
ar2,164
medalofhonor,164
sanantonio,163
lawx,163
proudnebraskan,163
millennials,163
curesin4words,163
debatenight,163
ptsd,163
flushing,162
hermine,162
selma,162
castro,162
idahot,162
alternativefacts,161
onenationoneteam,161
vietnam,161
dapl,160
keepthepromise,160
diabetes,160
cr,159
fourthofjuly,159
mentalillness,159
wa07,158
lgbtequality,158
scflood,158
bba,157
eranow,157
nationaldebt,157
mi,157
sanbernardino,157
mo8,157
art,157
obamaeconomy,156
accountability,156
service,156
lovecantwait,156
acarepeal,156
arkansanoftheweek,156
mo4,156
efairness,155
housing,155
americafirst,155
badirandeal,155
twittertues,155
flapol,154
opmhack,154
comeyfiring,154
easter,154
fcc,154
democrats,154
haiti,154
jobs4tn,153
glri,153
buffalo,153
selfie,153
makeamericagreatagain,153
americans,153
abq,152
wecantwait,152
pearlharborremembranceday,152
mike4mass,152
democracy,152
earlyed,151
reprorights,151
greatestgeneration,151
edshow,151
cancermoonshot,151
gopnmc,151
hv,151
takeitdown,151
bettermd,151
aksots,150
conservation,150
onwisconsin,150
hr7,150
stuckinthesenate,150
gobucks,150
newjersey,150
funddhs,150
aca7,150
regulations,149
lawenforcementappreciationday,149
springfield,149
irannucleardeal,149
fixovertime,149
workforce,149
groundhogday,149
tx01,149
smallbizweek,149
republicans,149
womenshealth,148
ks03,148
fosteryouth,148
border,148
nclb,148
fl26,148
acaisworking,148
newmexico,148
clayhuntsavact,148
camden,147
armybday,147
fmla23,146
pennstate,146
manchester,146
iwd2016,146
webofdenial,146
un,146
aviation,145
mhm2016,145
fightingforall,145
nc01,144
givingtuesday,144
114thcongress,144
gunsense,144
technology,144
stockton,144
ny23,144
varor,143
13thamendment,143
ncga,143
cleanwater,143
airforce,143
hb2,143
consciencerights,143
wa10,143
il,142
mbta,142
deathtax,142
akgov,142
ca39,142
3dthursday,141
fafsa,141
putin,141
news,141
hr5,141
pnw,141
benghazicommittee,140
cboscore,140
llws,140
il14,140
operationchokepoint,140
headstart,140
hr1179,139
heroin,139
stopsessions,139
skillsact,139
addiction,139
nationalparks,139
staywoke,139
forthood,139
ca19,139
wmata,139
nofasttrack,138
1u,138
passover,138
ca44,138
notonecent,138
roshhashanah,138
endstigma,138
cac2016,137
pinkout,137
passthebill,137
vietnamveteransday,137
capitol,137
irstargeting,137
recordofsuccess,137
happynewyear,137
headstart50,137
demsinphilly,137
pruitt,136
cispa,136
gtmo,136
yemen,136
masnow,136
sgr,136
climatemarch,136
nursesweek,136
rural,136
maine,135
mtnews,135
mow50,135
mi06,135
fixnclb,135
clinton,135
tx36,135
eastbay,135
latinaequalpay,135
nationaldayofaction,135
armeniangenocide,134
repealobamacare,134
tngop,134
foreverroyal,134
snapchallenge,134
liberty,134
leetownhall,133
obamaflightdelays,133
azboundless,133
history,133
gbr,133
hillaryclinton,133
navy,133
endhungernow,133
renewableenergy,132
aids,132
txsots,132
sosvenezuela,132
redtape,132
newtown,131
uas,131
opioidcrisis,131
climateaction,131
tx31,131
enoughisenough,131
spending,131
fortworth,131
gotv,131
americanenergy,130
paygap,130
heroes,130
cesarchavezday,130
rateshock,130
dcshadowday,130
valentinesday,130
nationaldogday,129
swalwelling,129
mh17,129
wps,129
rosaparks,129
highwaytrustfund,129
ne02,129
nationalguard,129
wallstreet,128
4profit,128
vascandal,128
goducks,128
oversight,128
keepyourhealthplan,127
fixnotfight,127
wematter,127
21stcenturycures,127
terrorism,127
miiawhatsnext,127
miami,126
marines,126
kansas,126
powmia,126
centrecounty,126
cpac2017,126
vegas,126
hanukkah,125
turkey,125
wisconsin,125
ibelievethatwewillwin,125
stamford,125
il08,125
firefighters,125
medicaremedicaid50,124
kentucky,124
flythew,124
nonettax,124
maduro,123
wny,123
bridgeport,123
ny24,123
higherednotdebt,123
gopdefault,122
republican,122
russian,122
madeinwi,122
fiduciaryrule,122
keeppounding,122
justice,122
bipartisanship,122
subenergypower,122
fairness4vets,121
immigrants,121
ialegis,121
piday,121
teacherappreciationday,121
extendui,121
pittsburgh,121
lowell,121
southdakota,120
hunger,120
madeinamerica,120
scgop,120
cures,120
nypd,120
passenda,120
tx11,119
infrastructureweek,119
tunein,119
hr3717,119
mdga17,119
dubnation,119
colombia,119
deadbeat,119
oh03,119
fallriver,119
kidsfirst,119
savedaca,119
wahi,119
lihtc,118
ruralhealth,118
cromnibus,118
confederateflag,118
americasnewcongress,118
smallbusinesses,118
alzforum,118
als,118
obamaquester,118
openinternet,117
hjc113,117
nascar,117
oakland,117
usps,117
fb,116
dadt,116
reins,116
militaryappreciationmonth,116
s,116
lunarnewyear,116
sbw2015,116
dreamsmallbiz,116
mhm2012,115
rxfordisaster,115
donnellyday,115
specialcounsel,115
coleg,115
happymothersday,115
delco,115
mizzou,115
swfl,115
medicareadvantage,115
eriecounty,115
voterid,115
troops,115
philly,114
monumentsforall,114
space,114
md6,114
passhr2646,114
lightingtheway,114
shutdownquestions,114
waterbury,114
kymakes,114
oilspill,114
timefor1010,113
rebuildamerica,113
bbn,113
mobileoffice,113
nato,113
youcut,113
hoganstrong,113
startup,113
noondevos,113
eaglescout,112
nafta,112
fthood,112
lcvscorecard,112
20millionstrong,112
familiessucceed,112
orlandounited,112
newhaven,112
instagram,112
republicanroadblock,112
askobama,112
iapolitics,112
transgender,112
patriotact,112
memorialdayweekend,112
cbo,112
keepitintheground,111
fbf,111
pvd,111
walorskiofficehours,111
voteready,111
pwfa,111
pearlharbor75,111
dyk,111
rebuildrenew,111
goplawsuit,111
fitn,111
ddhh,111
tourism,111
fema,111
supportourtroops,111
liub,111
breastcancerawarenessmonth,110
ncaa,110
charleston,110
dreamact,110
rolltide,110
rail,110
smallbizsaturday,110
mfgday16,110
americasvets,110
mnsots,110
problemsolvers,110
cmfcsummit,109
handsoffmybc,109
voteearly,109
rip,109
letlizspeak,109
hourofcode,109
election2016,109
godawgs,108
sb50,108
earlyedgemt,108
hhm,108
mo7,108
keepyourplan,108
flynnresignation,108
teamholcomb,108
debates2016,108
read,108
memorialday2016,108
securetheborder,108
fairtax,107
equalpaycantwait,107
nfl,107
askthe,107
demdebate,107
keepingushealthy,107
celebratenvrd,107
titleix,107
nbafinals,107
sweet16,107
dcwatchlive,107
cac15,107
fairshot,107
natgas,107
reagan,107
farm,106
isaac,106
getcoverednow,106
econdev,106
jobfair,106
seed2sawmill,106
lorettalynch,106
juneteenth,105
mn06,105
1million600k,105
4eachofus,105
sbw2014,105
armystrong,105
congressionalappchallenge,105
community,105
handsoff,105
fastact,105
nwindiana,105
notforsale,105
protecttranskids,105
overtime,105
dacaworks,104
epipen,104
twitter,104
pawsact,104
makeitinri,104
steam,104
usnavy,103
governmentshutdown,103
stophr7,103
stoptpp,103
benghazireport,103
seattle,103
studentsuccessact,103
overtimerule,103
me02,103
nra,103
nationalvoterregistrationday,103
clayhunt,103
whatwomenneed,103
whatmothersneed,103
techdiversity,103
hhs,103
netanyahuspeech,103
thisweek,103
ffa,103
regreform,103
nwhw,102
vra4today,102
sunshineweek,102
strongbba,102
mibudget,102
secretservice,102
jerseyshore,102
ipab,102
shequality,102
hbcus,102
spendingistheproblem,102
la02,102
worldrefugeeday,101
kssots,101
passmjia,101
secondamendment,101
wherearethejobs,101
noh8onthehill,101
priceiswrong,101
homelessness,101
reprohealth,101
freethedome,101
regulation,101
fmla,101
wallstreformworks,101
endexim,101
assad,101
defundplannedparenthood,101
hc,100
publichealth,100
nodapl,100
travelban,100
eyesonchechnya,100
asksebelius,100
cs4ri,100
gorsuchhearing,100
sec,100
charlestonshooting,99
de,99
deficit,99
stateoftheunion,99
police,99
langevinrhodetrip,99
delphi,99
cac2015,99
greta,99
homelandsecurity,99
livenf,99
ui,99
holocaust,99
il11,99
nationalprayerbreakfast,99
kansascommonsense,98
pathact,98
erie,98
nohearingsnovotes,98
houseag,98
holocaustremembrance,98
ca09,98
progress,98
pulseshooting,98
medicareforall,98
ripromise,98
ambr,97
csforall,97
hisots17,97
fxbg,97
cool,97
nv03,97
comeyhearing,97
pa10,97
orlandoshooting,97
clintonemails,97
iwd2017,97
nga2016,97
houseofcode,97
fl22,97
jasta,97
royals,97
fundflint,96
floodinsurance,96
nomadmenpay,96
sacramento,96
childcare,96
kauai,96
reform,96
onhisdesk,96
reformamigratoria,96
ronaldreagan,96
jvta,96
adoption,95
peoplesbudget,95
hero,95
usda,95
foresthills,95
standwithnancy,95
holocaustmemorialday,95
cbus,95
waleg,95
billofrightsday,95
defendepa,95
connecticut,95
mtgov,95
kasich4us,95
trumptaxes,95
farrm,94
mlkday2017,94
backtheblue,94
prayforoklahoma,94
eitc,94
heat,94
college,94
opm,94
madeinusa,94
live,94
goprepeal,94
gigem,94
endthisdragnet,94
pride2016,94
cnnsotu,94
virginiabeach,94
stanleycup,93
nationalteacherday,93
natlprep,93
qotd,93
nm02,93
confidentamerica,93
beatcancer,93
gotigers,93
yomhashoah,93
equalityforall,93
bayside,93
edreform,93
dyslexia,93
debtlimit,93
smallbizweek2016,93
kalamazoo,93
usarmy,93
wagehope,93
jfk,93
challenger,93
itsonus,93
dfwnews,92
fl18,92
nwi,92
yomkippur,92
1010means,92
saveourstate,92
bhm2015,92
unaccompaniedminors,92
everychildachieves,92
ingov,92
hjc114,92
mealsonwheels,92
worldwaterday,92
congrats,92
executiveamnesty,92
northcountry,92
orpol,91
veday70,91
navyyardshooting,91
chsnews,91
mfgday15,91
patriots,91
diversity,91
catfish,91
imarch,91
goblue,91
pentagon,91
msleg,91
righttovote,91
netanyahu,91
coalash,91
hailwv,90
cpac,90
msnbc,90
noscorenovote,90
gosnell,90
massachusetts,90
wvsots16,90
houston,90
fidelcastro,90
techgop,90
istandwithisrael,90
safeact,90
flood,90
entrepreneurs,90
fairplayfairpay,89
louisiana,89
standupforwomen,89
india,89
washingtondc,89
btv,89
paidsickdays,89
prop8,89
bigoil,89
everglades,89
redco,89
executiveaction,89
dod,89
uptown,89
standwithrand,89
sc02,89
outdoors4all,89
usaact,88
nepaflood,88
encryption,88
cwsg,88
happyfathersday,88
southflorida,88
brokenpromise,88
msenergyworks,88
wildfire,88
pridemonth,88
inlandempire,88
ethanol,88
coyc,88
sandiego,88
cahsr,88
apeoplesjourney,88
priorities,88
environmentaljustice,88
rxsummit,87
kyshines,87
innovationact,87
cnn,87
nationalchampionship,87
fostercaremonth,87
al05,87
loislerner,87
cny,86
iadebate,86
sochi2014,86
internettax,86
bordersecurity,86
maui,86
pellgrants,86
closethegap,86
sjres10,86
teamtitus,86
iot,86
highwaybill,86
oscars,86
energyindependence,86
sotu2015,86
delirene,86
standuptoreid,86
dayinthelife,86
vpdebate,86
immigrant,85
travel,85
freedamir,85
timetonegotiate,85
nsbw,85
godblessamerica,85
boeing,85
up4climate,85
japan,85
ssa80th,85
altonsterling,85
militaryfamilies,85
kc,84
opp4all,84
lawenforcement,84
banking,84
fairpay,84
entrepreneurship,84
foia,84
oh10,84
cbctech2020,84
suicidepreventionmonth,84
tlot,84
thankful,84
in,84
brexit,84
teamjonny,84
patent,84
hawaiionthehill,84
tornado,84
syriastrikes,84
infrastructurematters,84
ada,83
agday2016,83
omdp4nm,83
fargo,83
ip,83
voteno,83
ar,83
requireaplan,83
peaceofficersmemorialday,83
geauxtigers,83
fy15ndaa,83
foreignpolicy,83
cleanair,83
suicideprevention,83
teampoe,83
ecaa,83
mesots,83
cincodemayo,82
family,82
sgp,82
hileg,82
nobannowallnoraids,82
teamdoug,82
mhchat,82
wi07,82
promesa,82
chesbay,82
trump2016,82
worldcancerday,82
bringbackourmarine,82
nutrition,82
refugee,82
gospursgo,82
ozone,82
fixflood,82
eureka,81
akfuture,81
charlietakesdc,81
paidfamilyleave,81
stimulus,81
ramadan,81
cac16,81
hsgac,81
goodfriday,81
yourstory,81
fns,81
birthcontrol,81
cubavisit,81
breastcancerawareness,81
nbaf,81
womenrule,81
jewish,81
green,80
aipac2017,80
shame,80
sotc,80
happyeaster,80
dosomething,80
ssnalerts,80
ncaatournament,80
hamas,80
mlkday2016,80
gold,80
gocubsgo,80
alzheimer,80
tahmooressi,80
middleeast,80
va02,80
brooklyn,80
prayforboston,80
azawesome,80
hiremoreheroes,80
inaugurationday,80
betterbudget,80
hjc,80
president,79
sohillday,79
gas,79
plymouth,79
cadillactax,79
12thman,79
humanrightsday,79
blackwomensequalpay,79
savesaeed,79
security,79
ericgarner,79
fail,79
gopfuture,79
fda,79
freefile,79
pa05,79
ourspeech,79
rigovforday,79
wellsfargo,79
mtpdaily,78
arkidscancode,78
libertad,78
domesticviolenceawarenessmonth,78
nationalsmallbusinessweek,78
driveact,78
nationalcomingoutday,78
sopra,78
clintoncounty,78
protectcleanwater,78
dems,78
agweek,78
homeland,78
noagetax,78
mfg,78
teletownhall,77
govote,77
philandocastile,77
cpp,77
teaminslee,77
ksed,77
benghazihearings,77
faithitforward,77
wpcd,77
inwood,77
nokidhungry,77
willyoustand,77
hillary,77
americandream,77
wheresthebill,77
purpleheart,77
potusbudget,77
istanbul,77
mnuchin,77
mtp,77
lawrence,77
shebelieves,77
france,76
video,76
tnpolitics,76
iastem,76
manufacturers,76
volunteer,76
dairy,76
summermeals,76
cle,76
redcross,76
noban,76
ada25,76
wyo,76
nationalteachersday,76
scalia,76
bsa,76
wildfires,75
womensrights,75
roe43,75
votenow,75
zadrogaact,75
teamdutch,75
norwalk,75
latino,75
onebostonday,75
readthereport,75
1000days,75
debates,75
2futures,75
hungeractionmonth,75
baseball,75
jobsnow,75
dncinphl,75
foxnews,75
hlcexpo,75
ca11,75
cincinnati,74
savelwcf,74
misots17,74
timetowakeup,74
jerusalem,74
stateofwomen,74
sc02bustour,74
marine,74
spellingbee,74
girlpower,74
fightbigmoney,74
doyourjobhousegop,74
getawarrant,74
pride,74
economic,74
nationalpuppyday,74
fastercareforvets,74
capac,73
womeninstem,73
529plans,73
wioa,73
uccshooting,73
bakerpolitoyearone,73
paincapable,73
apprenticeshipworks,73
inners,73
pitfa,73
lgbtpridemonth,73
pugetsound,73
actforwomen,73
nnk,73
overridetheveto,73
bipartisanroadtrip,73
sotu16,73
my2k,73
strongerwayact,73
meriden,73
3yearstoolong,73
mseduworks,73
fixhobbylobby,73
stopsuicide,73
fakenews,72
hillday,72
talkgunsense,72
stopobamasamnesty,72
immigrantheritagemonth,72
pledge,72
sustainability,72
lincoln,72
diwali,72
amtrak,72
usmc,72
pow,72
fha,72
labor,72
oaa50,72
mjia,72
badgers,72
socialsecurity80,72
tnedu,72
hoosiers,72
pa18,72
iowaknowsbest,71
campaignfinancereform,71
hoosier,71
cancerlobbyday,71
ice,71
rice,71
amjoy,71
cbchealth,71
retirement,71
nc12,71
bullying,71
gruber,71
computerscience,71
trumpglobalgag,71
prek,71
firstresponders,71
rt,71
wi08,71
wyohistory,71
obamafarewell,71
ga14yls,71
keystonepipeline,71
peace,71
leadnow,70
tria,70
milconva,70
marchonwashington,70
sextrafficking,70
veday,70
debtfreewishlist,70
whatmomsneed,70
dc2dq,70
solyndra,70
roastandride,70
equalpayforequalwork,70
jblm,70
recovery,70
vfw,70
fostercare,70
freddiegray,70
homemeansnevada,70
hezbollah,70
transit,70
2million,70
dsm,70
cleveland,70
safety,69
criminaljustice,69
thankafarmer,69
whm2016,69
nysenate,69
expandmedicaidnow,69
teammarco,69
unitedforopportunity,69
capitoconnect,69
congressonyourcorner,69
mondaymotivation,69
safeproducts,69
kimtours99,69
tb4t,69
stonewall,69
gun,69
liheap,69
metro,69
19thamendment,69
ca51,69
cbctalks,69
subcmt,69
storiesfromohio,69
fintech,69
watch,69
fishing,69
a1p,69
nashville,68
opengov,68
boulder,68
trumppence16,68
torturereport,68
masotc,68
grant,68
duluth,68
lead,68
azvets,68
pdx,68
homeless,68
mexico,68
centralma,68
yearinspace,68
congressionalbaseball,68
ca15,68
resistance,68
iacaucus,68
electrifyafrica,68
100by50,68
teachers,68
ga08,68
2015sls,68
ryanbudget,68
imwithyou,68
wethestates,68
ok04,68
statecollege,68
worldautismawarenessday,68
climatefacts,67
hydesaveslives,67
guns,67
ny18,67
trafficking,67
hbd,67
fast4families,67
thinblueline,67
comebackstate,67
forestry,67
takebackday,67
lcs,67
heretostay,67
psu,67
prayfornice,67
openenrollment,67
wearingorange,67
arts,67
mo2,67
yourtime,67
antiquitiesact,67
collegeaffordability,66
casact,66
okc,66
meerkat,66
milwaukee,66
hydeamendment,66
chesapeakebay,66
mke,66
civilrightsact,66
mo03,66
stateofthestate,66
waronwomen,66
airract,66
government,66
redsnapper,66
naturalgas,66
noamnesty,66
aurora,66
naias,66
deathtaxrepeal,66
gored,66
sept11,66
gmrecall,66
ribudget,66
worldcup2014,66
ne,66
ppsellsbabyparts,66
readact,65
swpa,65
children,65
askmddems,65
dogheadfire,65
licensetodiscriminate,65
brusselsattacks,65
unatt,65
nola,65
steel,65
popeinus,65
yucca,65
uac,65
kypolitics,65
bigleaguetruth,65
gastateofthestate,65
coding,65
zadroga,65
jobsandjustice,65
womenarewatching,65
blizzard2016,65
fpi15,65
killthebill,65
visawaiverprogram,65
righttoknow,65
stlcards,65
supertuesday,64
disclose,64
purpleheartday,64
rarediseaseday,64
acorn,64
agchat,64
fisa,64
riggedcabinet,64
skillsgap,64
militaryspouseappreciationday,64
cspan,64
saveperkinsnow,64
stand4life,64
creditunions,64
crudeoil,64
hres233,64
assaultweaponsban,64
nativeyouth,64
browserspying,64
falconsfriday,64
passvets1stact,64
bergdahl,64
termlimits,64
extendchipnow,63
facebooklive,63
constitutionday2014,63
food,63
foodwaste,63
nys,63
chip,63
holidaymail,63
raredisease,63
olderamericansmonth,63
grammysonthehill,63
fl17obamacarestories,63
delta,63
skillsthatmatter,63
goldkingmine,63
rextillerson,63
sebelius,63
disbandit,63
votecassidy,63
marcomentum,63
acuratings,63
teammlg,63
appropriations,63
apple,63
apahm,63
apollo11,63
biz,63
time4solutions,63
ky,62
ma5,62
endfgm,62
sb972,62
bangladesh,62
makedclisten,62
childcarenow,62
snow,62
highereducation,62
nationaladoptionday,62
standwithgavin,62
newyear,62
happyhanukkah,62
scw,62
thelead,62
paproud,62
ctemonth,62
pancreaticcancer,62
bleedblue,62
fmla22,62
pakistan,62
ows,62
sexualassault,62
specialolympics,62
thisdayinhistory,62
a10,62
earthquake,62
buylocal,62
neilgorsuch,62
1a,62
newbritain,62
okwx,62
ohsots,62
rke,62
veteransfirst,62
yuccamountain,62
mi11,62
100yearsstrong,62
mi03,62
taxcode,62
abetterbargain,62
syrian,62
life,61
transpo,61
internship,61
newyork,61
la,61
gettysburg,61
newbedford,61
refugeecrisis,61
sagegrouse,61
icann,61
dataact,61
umatter,61
goptownhall,61
nokxl,61
weare,61
endhunger,61
northcarolina,61
dayofaction,61
emaw,61
gsa,61
gamil,61
cpac2016,61
longbeach,61
banthebox,61
iss,61
hurricane,61
freecollegeri,61
misots16,61
sosvzla,61
sotugop,61
stemeducation,60
entrepreneursday,60
wilderness,60
heartmonth,60
righttotry,60
delaware,60
latinos,60
consumersfirst,60
mfa,60
2016election,60
flintwater,60
constituent,60
telehealth,60
ca47,60
whm2017,60
endwildlifetrafficking,60
vet,60
nationalnursesweek,60
monumentsmatter,60
orlandostrong,60
families,60
americorps20,60
obamabudget,60
charliehebdo,60
mahalomark,60
wvsots15,60
ussyp,59
cesarchavez,59
missionpossible,59
gopats,59
mdga16,59
prayer,59
1n1t,59
dallaspoliceshooting,59
sb51,59
subenvecon,59
dayofthegirl,59
scprimary,59
nationaladoptionmonth,59
truth,59
notaplan,59
kentuckyhealth,59
school,59
schedulesthatwork,59
equalrights,59
uga,59
cleanwateract,59
alohafriday,59
amr,59
winning,59
thenew10,59
exports,59
sikh,59
vetscarefair,59
constituents,59
nice,59
selectcommittee,59
cunagac,58
orion,58
nc04,58
kswx,58
overreach,58
welfare,58
freight,58
pregnantatwork,58
fed,58
fire,58
vikings,58
csedweek,58
elmhurst,58
dallasstrong,58
flsen,58
snapchat,58
gousa,58
gotowv,58
rsc,58
taxseason,58
medicalmarijuana,58
taunton,58
mybrotherskeeper,58
oh04,58
religiousfreedomday,58
ok2,58
2016budget,58
copyright,58
niceattack,58
terror,58
teamperdue,58
arborday,58
freespeech,58
prenda,58
gogreen,58
fl17,58
mpc16,58
nesa,57
drugfreewv,57
newsonenow,57
stopthedebttrap,57
agday2015,57
anwr,57
indy500,57
housegop,57
drones,57
remember911,57
obamacarerepeal,57
prayforparis,57
strongertogether,57
drone,57
easthartford,57
roanoke,57
opportunity,57
saveabx,57
nationalfarmersday,57
highway,57
broncos,57
scotusmarriage,57
sba,57
equalpayact,57
lakecounty,57
growth,57
nv01,57
colorectalcancer,57
askrsc,57
fy14ndaa,57
womenvets,57
beardown,57
antisemitism,56
congressionalgoldmedal,56
protectgoldbutte,56
halosact,56
whyimarch,56
manufacturingday,56
kellyfile,56
civility,56
taxpayers,56
senior,56
behindthescenes,56
stampouthunger,56
vermont,56
toledo,56
commonsense,56
shepersisted,56
worldmalariaday,56
mondayreport,56
cnndebate,56
forcedarbitration,56
canada,56
passcasact,56
opportunityeconomy,56
hfanow,56
ndstartupspotlight,56
cutspending,56
lymedisease,56
charterschools,56
cutthetape,56
minnesota,56
waronpoverty,56
atf,56
peoplesnight,56
lasvegas,56
talkpoverty,56
environmental,56
teamrutherford,56
openact,56
miinfrastructure,56
sctcot,56
whm,56
epw,56
obamacareanswers,55
whatimreading,55
esa,55
federalfumbles,55
dreamer,55
wad2015,55
240navybday,55
kygov,55
financialliteracy,55
albany,55
peopleshouse,55
nuclearoption,55
killthedrill,55
propane,55
capandtrade,55
mn08,55
saam,55
london,55
dbacks,55
uscg,55
danbury,55
biotech,55
huskers,55
ca9,55
tillerson,55
marchforlife2015,55
meschools,55
beef,55
consnc,55
constitutionday2016,55
consumers,55
utecon,55
askcapac,55
nationalcoffeeday,55
borderwall,55
stopact,55
md08,55
cisa,55
lngexports,55
socsec81,55
iheartcaregivers,54
ok,54
baddeal,54
sdleg,54
happyhalloween,54
cac2017,54
donothinggop,54
beaface,54
askmenendez,54
youth,54
scrubact,54
911anniversary,54
sc01,54
permanentdelay,54
40dollars,54
hydropower,54
darkact,54
lillyledbetter,54
foodfirst,54
wednesdaywisdom,54
wyoworks,54
preventvetsuicide,54
africa,54
ptc,54
md04,54
exxonknew,54
milfams,54
womenwearwhite,54
talkpay,53
hurricaneprep,53
sdindc,53
wvu,53
era,53
coastguard,53
starwars,53
nphw,53
minot,53
taxreturns,53
4innovation,53
congressional,53
brownvboard,53
sc07,53
13ndaa,53
risots,53
gangof8,53
cutredtape,53
ridemi,53
prochoice,53
antibiotics,53
upstander,53
caregivers,53
navyyard,53
cuban,53
in02,53
fundourtroops,53
defendtradesecrets,53
saveact,53
philadelphia,53
100reasons,53
fridaypuppy,53
atc,53
neverforget911,53
girlscoutsrock,53
capitolchristmastree,53
defendcfpb,52
chagsameach,52
southsudan,52
aleppo,52
nelsonmandela,52
oh06,52
2016sls,52
angelsinadoption,52
irene,52
mississippimonday,52
takata,52
votefood,52
goldbutte,52
collegebythenumbers,52
nvsots,52
ca31,52
tdor,52
coveredca,52
sc,52
entrepreneur,52
mandeladay,52
saveschoollunch,52
uconn,52
philippines,52
everupward,52
parisaccord,52
endalzheimers,52
cbcfalc15,52
completeplan,52
methane,52
shimonperes,52
shoplocal,52
bigpharma,52
freeoscarlopez,52
pa15,52
westernma,52
ca7,52
growne,52
studentloandebt,51
cantor,51
reachout19,51
boggs,51
2017townhall,51
driveto55,51
renewable,51
rfsworks,51
uscapitol,51
askcongress,51
sanbernadino,51
whcoa,51
emolumentsclause,51
pipa,51
sassywithmassie,51
savetps,51
911health,51
wholewomanshealth,51
sgf,51
70000cantwait,51
fada,51
billofrights,51
42reasons,51
cnbcgopdebate,51
blackwomenequalpay,51
opportunityagenda,51
worldoceansday,51
first100days,51
ethics,51
loudobbstonight,51
ksstorms,51
joplin,51
hrcscorecard,51
gettysburgaddress,51
hr6,51
mil,51
framingham,51
futureleaders,51
ny19,51
ndprosperity,51
gulfcoast,51
hopeendures,51
harriettubman,51
nacsinstore,51
mylan,51
mandela,51
momsequalpay,51
icebucketchallenge,51
misafercampus,51
gmolabeling,51
mayday2017,51
mdotnews,50
jonas,50
fact,50
meehanyls15,50
wiright,50
kennedychat,50
investinaz,50
interns,50
carepackage,50
taiwan,50
lascruces,50
il10,50
hoyerheadlines,50
syrianrefugee,50
mentallyill,50
npcbee,50
speechesdonthire,50
democracia,50
whsciencefair,50
honor911,50
wi06,50
smdsymposium,50
nationaltrailsday,50
saudiarabia,50
packpride,50
mobileworkforce,50
endaids2030,50
teamwalters,50
breakingnews,50
flooding,50
weremember,50
normandy,50
stoptheirs,50
energybill,50
noabortioncoercion,50
humantraffickingawarenessday,50
goteamusa,50
goredwearred,50
unlockthebox,49
endaids,49
241navybday,49
worldenvironmentday,49
plantcity,49
asiancarp,49
parkchamp,49
bba4jobs,49
sigma,49
passtheableact,49
minersprotectionact,49
endfamilydetention,49
harlem,49
ifightfor,49
gkbnc,49
cwc114,49
iowanoftheweek,49
gibill,49
votepramila,49
nga,49
reclaimroe,49
topstatesia,49
fhfa,49
opioidawareness,49
haiyan,49
berlin,49
rcjh,49
redistricting,49
debtfreecollege,49
bp,49
summer,49
globalgagrule,49
toobigtofail,49
donaldtrump,48
rioolympics2016,48
nomuslimban,48
hcworks,48
reconciliation,48
womenon20s,48
docfix,48
603pride,48
newark,48
hearingfromyou,48
4h,48
iwojima,48
aprilfools,48
phx,48
ndaa17,48
securitybeforeaccessact,48
gunreform,48
childhoodcancer,48
usaf,48
nationalagricultureday,48
antioch,48
in03,48
ga07,48
saveretirement,48
satx,48
alsicebucketchallenge,48
alsen,48
soar,48
drc,48
vz,48
valleyfire,48
immigrantrights,48
noveto,48
ibelieve,48
trustwomen,48
buyamerican,48
stopcisa,48
buckeyes,48
ny20,48
taa,48
ca33,48
bloodysunday,48
chci,48
everett,48
juvenilejustice,48
supercommittee,48
mining,48
outsider,48
mccutcheon,48
oh05,48
staract,48
beatthepress,48
yearinreview,48
katrina10,48
mlkdream50,47
nancyreagan,47
earthday2016,47
holidaymailforheroes,47
wi05,47
opportunityforall,47
locvets,47
cropinsurance,47
crossfire,47
powmiarecognitionday,47
eeuu,47
nhsots,47
secure2100,47
building21,47
bernieandpramila,47
saferalaska,47
releasethereturns,47
nevadaproud,47
democraticsitin,47
glendale,47
nevertobeforgotten,47
restorewages,47
negac17,47
aerospace,47
wearredday,47
fightfamine,47
dontforgetflint,47
newnormal,47
rockchalk,47
jackson,47
rotary,47
rapidact,47
dotherightthing,47
tobefair,47
holdavote,47
gopurple,47
oaa,47
careerteched,47
johnglenn,47
cbcbudget,47
2ndavesubway,47
futurecaucus,47
50daysofsc,47
speaknowforkids,47
smh,47
southkorea,47
expandsocialsecurity,47
elkcounty,47
engagedems,47
6for6,47
fullemployment,47
worldipday,47
westmi,46
freeamir,46
fresno,46
cra,46
balancethebudget,46
schools,46
nurses,46
unga,46
clearfieldcounty,46
acaforum,46
cleanwaterrule,46
mayday,46
freecommunitycollege,46
digitaldivide,46
highschool,46
4mn,46
speakerofthehouse,46
blizzardof2015,46
donaldtrumpact,46
allentown,46
hsr,46
ttf,46
ndlegendary,46
birthday,46
teamtillis,46
medaloffreedom,46
natadoptionday,46
blackwomenlead,46
campaignfinance,46
ebolaoutbreak,46
suicide,46
columbus,46
shameful,46
shale,46
gunviolenceprevention,46
electoralcollege,46
coffeewithkatherine,46
vaisakhi,46
stuckintraffic,46
skilledtrades,46
nigeria,46
honduras,46
gdp,46
comeymemo,46
thunderup,45
usvtexas,45
joaquin,45
7in10forroe,45
marlborough,45
sotu2016,45
strongsafe,45
moore,45
mia,45
foreclosure,45
fixthedebt,45
rhodeworks,45
jobcreation,45
pork,45
patentreform,45
regulationrewind,45
austin,45
democratic,45
stacksofbills,45
prepareathon,45
senecafalls,45
nationalservice,45
nomore,45
farmcredit100,45
hockey,45
medtech,45
ca17,45
sciencemarch,45
nysandy,45
plutoflyby,45
trio,45
conservative,45
or,45
snapworks,45
taxmarch,45
savetheaca,45
soldiers,45
hcrcostsjobs,45
prostatecancer,45
fannie,45
flprimary,45
nepal,44
thankavet,44
intern,44
strongeramericanfuture,44
gsgoldaward,44
replacenow,44
repealandrun,44
demconvention,44
blessed,44
defendclimate,44
defendfacts,44
it,44
maearthweek,44
citizenship,44
hagel,44
su4t,44
settopbox,44
alloftheabove,44
cwc113,44
hisen,44
gojacks,44
coffee,44
usvtx,44
medicaidexpansion,44
stellablizzard,44
healthymt,44
cybermonday,44
dayton,44
girlscount,44
hisots,44
hud,44
irsfail,44
atlanta,44
tamu,44
ms,44
morningjoe,44
firstamendment,44
waste,44
nolabels,44
able,44
protectallwomen,44
price,44
no1hungry,44
ga11,44
poland,44
nohateinwhitehouse,44
patriotsnation,44
doawaywithfsa,44
workersmemorialday,44
export,44
ourfirststand,44
orleg,44
farc,44
obamacare29ers,44
justicesummer,44
dontprivatizeourskies,44
nba,44
repyourrep,43
cyberattacks,43
dayone,43
nduas,43
mfgday14,43
scwx,43
sochi,43
ap,43
foreclosureking,43
student,43
cbc114,43
citizencosponsor,43
nj04,43
russiahacking,43
celebratefp,43
makegovwork,43
apprenticeships,43
raunerlive,43
economicdevelopment,43
freddie,43
npw2016,43
stockact,43
nmfire,43
ncbizsummit,43
avlnews,43
wiin,43
backtothefuture,43
missamerica,43
ksjobs,43
patientcareact,43
backgroundchecks,43
transawarenessweek,43
housecall,43
schoolchoiceweek,43
actionaftersilence,43
saveyoursavings,43
wasp,43
lunchwithlangevin,43
bitcoin,43
pennyplan,43
timetocallout,43
wareagle,43
interntakeover,43
annawestinact,43
meddevice,43
duckworthdiary,43
macocon,43
newdems,43
onlyinmn,43
nicaragua,43
gabillssigned,43
nebreakfast,43
wind,43
marineheldinmexico,43
fitara,43
jordan,43
govtshutdown,43
ww2,43
hoyeratgu,43
takeyourchildtoworkday,43
bloodisblood,43
hannity,42
eidmubarak,42
happyholidays,42
arjobs,42
eccseries,42
congratulations,42
nmleg,42
congressman,42
jfk100,42
easethesqueeze,42
jeffersoncounty,42
contempt,42
whatwomenwant,42
dvam,42
sb48,42
providence,42
aapis,42
monumentsmen,42
washingtonwatch,42
deportedveterans,42
endtheban,42
hospice,42
memorialday2017,42
kellyreport,42
fbidirector,42
openingceremony,42
hr3121,42
maritime,42
fentanyl,42
betsydevos,42
yellen,42
maspeth,42
ffaweek,42
thud,42
obamanomics,42
ofbdc,42
hookem,42
beboldforchange,42
wv02,42
standwithpeggy,42
attleboro,42
mnstatefair,42
attorneygeneral,42
pawtucket,42
autismawareness,42
tx04,42
psnewschat,42
knowyourrights,42
charterschoolsweek,42
3dprinting,42
cftc,42
centralcoast,42
troubleintheskies,42
trms,42
savesnap,42
noh8,42
letsdothis,42
gm,42
grandcanyon,42
voting,42
ncwx,42
ne3,42
rochester,42
cspanchat,42
waltham,42
itcanwait,42
rhodeisland,42
rallytogether,42
darkmoney,42
nationalvolunteerweek,42
dallasmemorial,42
vjday,42
roadtorio,42
munich,41
higovbudget,41
votebymail,41
allincle,41
menshealthmonth,41
aloha,41
igualdadsalarial,41
blm,41
letthemserve,41
rule41,41
commactupdate,41
ctsots,41
valleyfever,41
wildlife,41
nova,41
weareoaa,41
acps2017,41
equality4trans,41
nbaplayoffs,41
hurricaneseason,41
civilrightsact1964,41
cwc,41
rx,41
opendata,41
cvrc,41
nc11,41
ca20,41
texasindependenceday,41
tomahva,41
failure,41
nvtrademission,41
unlv,41
factcheck,41
nationallawenforcementappreciationday,41
beredseered,41
mentalhealthawarenessmonth,41
lovemustwin,41
familydetention,41
safejustice,41
employment,41
iditarod,41
thewholetruth,41
maythe4thbewithyou,41
hit,41
columbusday,41
ems,41
wmass,41
nfldraft,41
imwithwally,41
koreanwar,41
doodle4google,41
gopretreat,41
jfrs,41
tacoma,41
wewontgoback,41
savethebay,41
endslavery,40
coflood,40
policeweek2017,40
gobeavs,40
budget2015,40
lungcancer,40
clemson,40
unlocktheplan,40
songwriterequityact,40
newnevada,40
wespeakbiz,40
frozenfour,40
marriage,40
jcc,40
fltcot,40
centralflorida,40
weeklyreport,40
honor,40
dontfundit,40
surveillance,40
jobsplan,40
readynj,40
housedemsinphilly,40
nv2,40
forward,40
cdc,40
letsgetonwithit,40
menshealthweek,40
milfam,40
spaceact,40
goldstar,40
trustbetrayed,40
reno,40
stigma,40
foodsafety,40
votingrightsnow,40
lasenatedebate,40
tx08,40
help4wv,40
specialreport,40
nysfair,40
topeka,40
politicsnation,40
onlineabuse,40
k12,40
lnk,40
wilderness50,40
diabetesmonth,40
terencecrutcher,40
huntingdoncounty,40
sharkweek,40
congreso,40
eagles,40
uws,40
protectpell,40
mtedchat,40
dv,40
kateslaw,40
shinseki,40
craftbeer,40
usavsbel,40
cutmethane,40
onenation,40
lgbtrights,40
regrelief,40
accionejecutiva,40
sisepuede,40
nhcw16,40
investinus,40
obamcare,40
whatsnext,40
amtrak188,40
nationaldonutday,40
sicem,40
tx07,39
gopworking4women,39
womensworldcup,39
pulse,39
steelcaucus,39
justvote,39
leavethegavel,39
acaturns6,39
valentines,39
jobshearing,39
wallstreetfirst,39
nowhiteflags,39
secureourborders,39
bakerpolitoyear2,39
extendchip,39
ripoffclause,39
capecod,39
saveoursound,39
malden,39
letgirlslearn,39
worldteachersday,39
hoboken,39
wehowl,39
lilly5,39
stopthebans,39
farmbill18,39
cotton,39
earthday2015,39
techtalk,39
cfadvocacy,39
americascollegepromise,39
panthers,39
hispanic,39
gaza,39
myvetbiz,39
drbca,39
ndpride,39
hr3,39
masendebate,39
religiousfreedomforall,39
noriders,39
petsontrains,39
msgov5k,39
ucdavis,39
sots16,39
regs,39
mountaineers,39
usorussr,39
renaccireport,39
olympic,39
efficiency,39
gameday,39
speaker,39
festivaloflights,39
congresscanrequest,39
coloncancer,39
spectrum,39
speakingout,39
topstates,39
elite8,39
americanheartmonth,39
brokawact,39
discloseact,39
puzder,39
voices4ma,38
vw,38
antichoice,38
betterthanwefoundit,38
crookedhillary,38
fall,38
wearealreadygreat,38
peotus,38
savebenefits,38
nunes,38
dea,38
fallenheroes,38
powmiaday,38
haverhill,38
guatemala,38
washingtonheights,38
victory,38
career,38
forgotten15,38
jobsthatpay,38
groton,38
ohiogop,38
independence,38
middleclasstaxcuts,38
savemedicaid,38
bigwind,38
thanks,38
proud,38
2015townhall,38
2016townhall,38
milford,38
insurance,38
magictrick,38
9thcircuit,38
goredforwomen,38
freezefedpay,38
womensday,38
childcareforall,38
wearemfg,38
ky1tour,38
808news,38
chisummit,38
journeytomars,38
senateopportunitycoalition,38
cws,38
businesses,38
tour34,38
thxbirthcontrol,38
getregistered,38
dem,38
taxpayer,38
msactivist,38
devicetax,38
newton,38
earthday2017,38
arlington,38
bethere,38
113th,38
npld,38
12by2020,38
cleanair4kids,38
maisrael,38
saveacainpa,38
jeffsessions,38
deal4all,37
marchformeals,37
gigeconomy,37
watertown,37
t1d,37
researchnotredtape,37
globalwarming,37
yomhaatzmaut,37
dday71,37
takeastand,37
wwi,37
orovilledam,37
football,37
howlyes,37
bhm2016,37
renewables,37
blackmenenroll,37
goarmy,37
judgegorsuch,37
housefloor,37
oceanacidification,37
unacceptable,37
sunset,37
auburn,37
cleantech,37
keystonexlpipeline,37
engineering,37
southchinasea,37
atl,37
50x30,37
equalpayday2014,37
hfotd,37
voterregistrationday,37
freeaya,37
autismawarenessmonth,37
spoofing,37
jacksonheights,37
cirfloor,37
gopokes,37
clemsonfamily,37
il18,37
solutions2016,37
ilbudget,37
utahtechtour,37
lynchburg,37
unitedinorange,37
smhact,37
nofilter,37
iraqplan,37
popeinphilly,37
portland,37
usafreedom,37
genocide,37
gamecocks,37
longsshortreport,37
seasonofservice,37
mn01,37
sealevelrise,37
creditunion,37
stopirandeal,37
bdcp,37
internetfreedom,37
malaria,37
whateverittakes,37
trioworks,37
sb49,37
allin216,37
strr,37
facts,37
wrongpriorities,37
fairact,37
kids,37
wealthcare,37
stoparmingterrorists,37
stopbullying,37
chainedcpi,37
40isfulltime,37
back2work,37
chiefskingdom,37
valentinesforvets,37
saveamericassound,37
magicmonday,37
stateofak,37
scotusnom,37
lb,37
worldhealthday,37
happybirthdaymarines,37
ingodwetrust,36
1010now,36
why2k,36
westvirginia,36
inequality,36
livethewage,36
blackhistory,36
matthewnc,36
80by2018,36
irantalksvienna,36
aplus,36
il15,36
armedforces,36
in06,36
believe,36
beprepared,36
acaturns3,36
2gen,36
bds,36
ttip,36
bailout,36
agetax,36
workers,36
lcvscore,36
agday2014,36
keepyourpromise,36
leanintogether,36
votersuppression,36
avl,36
voterfraud,36
advocateforarthritis,36
iwd,36
60secondsurvey,36
1400days,36
unsc,36
update,36
windpower,36
azcoffee,36
cia,36
shadowday2014,36
houseappchallenge,36
teamgreitens,36
senatefloor,36
confirmpruitt,36
tdih,36
rctid,36
medicaldevicetax,36
bullyingpreventionmonth,36
ranchers,36
burma,36
comerforcongress,36
mpc17,36
nhtd,36
niagarafalls,36
montco,36
ny03,36
protectcadesert,36
montanamoment,36
faareauth,36
subenergy,36
hocomd,36
executiveorder,36
economicgrowth,36
everykidinapark,36
speakerryan,36
mlscup,36
standingrock,36
nospecialtreatment,36
peoplenotpolitics,36
hanford,36
freetrade,36
semperparatus,36
sdwx,36
netrademission,36
flu,36
graduation,36
roe44,36
foodaid,36
sdsunrise,36
farmtour,36
farmtoschool,36
obamacarefail,36
rejectpruitt,36
robotics,36
nationalschoolchoiceweek,36
farmersmarket,36
techtransfer,36
googlealerts,36
roe40,35
mmj,35
ryantownhall,35
claytonfire,35
winterstorm,35
election,35
jjdpamatters,35
healthequity,35
pipeline,35
stateofco,35
womenincongress,35
votearama,35
ruleoflaw,35
tupelo,35
stateofny,35
ecigs,35
moleg,35
911day,35
dtlv,35
newlondon,35
weather,35
muhammadali,35
serviceacademy,35
realjobsri,35
rejectrussell,35
eo,35
reproductiverights,35
arts4us,35
durham,35
clt,35
defendthegibill,35
globalhealth,35
nationallibraryweek,35
protect2a,35
nationalpetday,35
labudget,35
dhsshutdown,35
grandforks,35
imperialpresidency,35
mbkmiamidade,35
800days,35
stella,35
osha,35
michaelbrown,35
iaedfuture,35
supportblue,35
i2forum,35
marinecorpsbirthday,35
hr1797,35
taxfreedomday,35
torrington,35
teamcarson,35
brusselsattack,35
foodsecurity,35
middlevillage,35
farming,35
meaa,35
fec,35
ymca,35
time100,35
mattis,35
youngstown,35
fight4dapa,35
oh01,35
thankaveteran,35
free,35
ruthmooreact,35
jobsfair,35
stopthestunt,35
freejason,35
charlotte,35
militaryfamilymonth,35
hr9,34
acekidsact,34
washoefire,34
democracy4all,34
vareform,34
huskies,34
muslimban2,34
vaccineswork,34
meatlessmonday,34
livingwage,34
paychinafirst,34
appalachiaproud,34
open,34
future4coal,34
congressionalbaseballgame,34
trueleaders,34
ortega,34
eliewiesel,34
senatebudget,34
dol,34
delrio,34
vergecon,34
teacher,34
pcheta,34
letsmove,34
russians,34
ruralbroadband,34
pelositownhall,34
natsec,34
tulsa,34
olderamericansact,34
keepnmcovered,34
telephonetownhall,34
aksotb,34
kybiz,34
gohmerthour,34
nationalmentoringmonth,34
invasivespecies,34
veto,34
veteranshistoryproject,34
gocats,34
bordersurge,34
neag,34
neheroes,34
reasonsweneedafarmbill,34
academyday,34
hr3134,34
mejobs,34
labordayweekend,34
momentum,34
co4,34
fortsmith,34
beahero,34
tppworsethanwethought,34
2nd,34
winterstormstella,34
askjared,34
7millionandcounting,34
il17,34
morningmailbag,34
latergram,34
factsmatter,34
nowisthetime,34
toysfortots,34
healthrankings,34
bernanke,34
ks01,34
medical,34
healthyut,34
inclusionworks,34
hirevets,34
nn15,34
koreanamericanday,33
whodat,33
woundedwarriors,33
aidsfreegen,33
wad2016,33
gopaddress,33
echoact,33
f35,33
yuma,33
freepress,33
datahub,33
nj08,33
wic,33
windenergy,33
jfk50,33
fergusondecision,33
jerseypride,33
gobison,33
readiness,33
ericholder,33
europe,33
newdem,33
dinesmall,33
downsyndrome,33
nextgenth,33
regulationnation,33
whataboutbob,33
ivoted,33
kelseysmithact,33
fairnessformula,33
iveyonthemove,33
acornwatch,33
npclive,33
protectact,33
funfactfriday,33
degreesnotdebt,33
ourrevolution,33
powerofrural,33
wherearethewomen,33
revere,33
privateact,33
ecpa29,33
americasmostwasted,33
mortgage,33
atlanticcity,33
muslim,33
mdsots17,33
treechat,33
nacsgr,33
iioa,33
cookeville,33
techhire,33
ihirevets,33
bigdata,33
schoollunch,33
nationalbeerday,33
specialprosecutor,33
mnag,33
ssia,33
secondchancect,33
hagerstown,33
salem,33
bridgeact,33
huskernation,33
utahsummit,33
mswx,33
metronorth,33
concord,33
titusville,33
unfreezedapa,33
armenian,33
brokenbudget,33
co7townhall,33
mentalhealthmatters,33
sjc,33
skol,33
firefighter,33
courage,33
tnforward,33
mindfulness,33
stopdevos,33
hjres43,33
lexington,33
americaspeaksout,33
americorps,33
lgm,33
md01,33
stopthekilling,33
terrorgap,33
thia15,33
vetsjobschat,33
curesinthemitten,33
hhsmandate,33
americacompetes,33
md06,33
nationalmanufacturingday,33
lupus,32
patenttrolls,32
equalwork,32
ksgov,32
tbi,32
coara,32
nvhistmo,32
otrule,32
medalofhonorday,32
soarsummit,32
bannon,32
laborhhs,32
stopdiabetes,32
cnntownhall,32
strikeoutals,32
nved,32
iafflegcon,32
kremlinklan,32
tva,32
atx,32
7wondersoregon,32
turnarounddontdrown,32
turkeydaytips,32
kyrstenmeansbusiness,32
southcarolina,32
healthit,32
northampton,32
stela,32
capitoldome,32
tsunami,32
gateaparty,32
3rddistrictday,32
middletown,32
honorthem,32
millennialmon,32
kait8,32
makeroom,32
nationalfostercaremonth,32
scrapthecap,32
lax,32
flag,32
crudebyrail,32
gulfport,32
akbudget,32
onedegree,32
collegeopportunity,32
114inreview,32
lkld,32
reviewact,32
aipac,32
animasriver,32
walorskiedtour,32
rigovforaday,32
dday73,32
ridgewood,32
thisiswhatwedotn,32
brandon,32
allaboard,32
google,32
marriageequaility,32
jahm,32
naw2015,32
genderpaygap,32
georgewashington,32
ruralhealthday,32
americanspirit,32
farmbureau,32
nature,32
usmma,32
biketoworkday,32
usomoments,32
rpmact,32
confirmsessions,32
weberweekly,32
congress4liub,32
yadvocates,32
htf,32
humaneawards,31
ohiostate,31
terrorist,31
justlabelit,31
stpete,31
organic,31
fifa,31
ks,31
tn7,31
hope,31
ozarks,31
cbg2016,31
biofuels,31
28pages,31
honoringvets,31
boyscouts,31
onesocialsecurity,31
packers,31
july4,31
fraud,31
middleclassbudget,31
npr,31
parisclimatedeal,31
omgrobots,31
sacrifice,31
cd1,31
scottsdale,31
hatchmighty5,31
ravensnation,31
compromise,31
welcomehome,31
newpoll,31
accessibility,31
lockhaven,31
mtjobs,31
vagov,31
gunviolenceawarenessday,31
nevergiveup,31
democrat,31
repaysupplies,31
littlesistersofthepoor,31
womensmarchonwashington,31
guidedbyscience,31
war,31
lightitupblue,31
afbday,31
leadright2016,31
veteransaffairs,31
righttowork,31
greenwich,31
gogators,31
greenville,31
alert,31
data,31
savehealthcare,31
west,31
westport,31
dtsa,31
codingarfuture,31
hisos,31
stateofhockey,31
kyga14,31
hhrs,31
chs,31
citizenshipday,31
popeinusa,31
cityclub,31
educationreform,31
classof2016,31
clayhuntsav,31
prevention,31
healthinsurance,31
la01,31
sofl,31
pride2017,31
eatingdisorders,31
lymphedema,31
unemployed,31
jerseystrong,31
nicefrance,31
unitedstates,31
askjimjustice,31
whatsatrisk,31
dumpdevos,31
hatefreewa,31
nhv,31
astate,31
